-- Automatically generated by SQLQueryTestSuite
-- !query
CREATE TEMPORARY VIEW t AS SELECT 1
-- !query schema
struct<>
-- !query output



-- !query
SELECT cast(1 as binary) = '1' FROM t
-- !query schema
struct<cast(1 as binary)= '1':boolean>
-- !query output
false


-- !query
SELECT cast(1 as binary) > '2' FROM t
-- !query schema
struct<cast(1 as binary)> '2':boolean>
-- !query output
false


-- !query
SELECT cast(1 as binary) >= '2' FROM t
-- !query schema
struct<cast(1 as binary)>= '2':boolean>
-- !query output
false


-- !query
SELECT cast(1 as binary) < '2' FROM t
-- !query schema
struct<cast(1 as binary)< '2':boolean>
-- !query output
true


-- !query
SELECT cast(1 as binary) <= '2' FROM t
-- !query schema
struct<cast(1 as binary)<= '2':boolean>
-- !query output
true


-- !query
SELECT cast(1 as binary) <> '2' FROM t
-- !query schema
struct<cast(1 as binary)<> '2':boolean>
-- !query output
true


-- !query
SELECT cast(1 as binary) = cast(null as string) FROM t
-- !query schema
struct<cast(1 as binary)= cast(null as string):boolean>
-- !query output
NULL


-- !query
SELECT cast(1 as binary) > cast(null as string) FROM t
-- !query schema
struct<cast(1 as binary)> cast(null as string):boolean>
-- !query output
NULL


-- !query
SELECT cast(1 as binary) >= cast(null as string) FROM t
-- !query schema
struct<cast(1 as binary)>= cast(null as string):boolean>
-- !query output
NULL


-- !query
SELECT cast(1 as binary) < cast(null as string) FROM t
-- !query schema
struct<cast(1 as binary)< cast(null as string):boolean>
-- !query output
NULL


-- !query
SELECT cast(1 as binary) <= cast(null as string) FROM t
-- !query schema
struct<cast(1 as binary)<= cast(null as string):boolean>
-- !query output
NULL


-- !query
SELECT cast(1 as binary) <> cast(null as string) FROM t
-- !query schema
struct<cast(1 as binary)<> cast(null as string):boolean>
-- !query output
NULL


-- !query
SELECT '1' = cast(1 as binary) FROM t
-- !query schema
struct<'1' = cast(1 as binary):boolean>
-- !query output
false


-- !query
SELECT '2' > cast(1 as binary) FROM t
-- !query schema
struct<'2' > cast(1 as binary):boolean>
-- !query output
true


-- !query
SELECT '2' >= cast(1 as binary) FROM t
-- !query schema
struct<'2' >= cast(1 as binary):boolean>
-- !query output
true


-- !query
SELECT '2' < cast(1 as binary) FROM t
-- !query schema
struct<'2' < cast(1 as binary):boolean>
-- !query output
false


-- !query
SELECT '2' <= cast(1 as binary) FROM t
-- !query schema
struct<'2' <= cast(1 as binary):boolean>
-- !query output
false


-- !query
SELECT '2' <> cast(1 as binary) FROM t
-- !query schema
struct<'2' <> cast(1 as binary):boolean>
-- !query output
true


-- !query
SELECT cast(null as string) = cast(1 as binary) FROM t
-- !query schema
struct<cast(null as string)= cast(1 as binary):boolean>
-- !query output
NULL


-- !query
SELECT cast(null as string) > cast(1 as binary) FROM t
-- !query schema
struct<cast(null as string)> cast(1 as binary):boolean>
-- !query output
NULL


-- !query
SELECT cast(null as string) >= cast(1 as binary) FROM t
-- !query schema
struct<cast(null as string)>= cast(1 as binary):boolean>
-- !query output
NULL


-- !query
SELECT cast(null as string) < cast(1 as binary) FROM t
-- !query schema
struct<cast(null as string)< cast(1 as binary):boolean>
-- !query output
NULL


-- !query
SELECT cast(null as string) <= cast(1 as binary) FROM t
-- !query schema
struct<cast(null as string)<= cast(1 as binary):boolean>
-- !query output
NULL


-- !query
SELECT cast(null as string) <> cast(1 as binary) FROM t
-- !query schema
struct<cast(null as string)<> cast(1 as binary):boolean>
-- !query output
NULL


-- !query
SELECT cast(1 as tinyint) = '1' FROM t
-- !query schema
struct<cast(1 as tinyint)= '1':boolean>
-- !query output
true


-- !query
SELECT cast(1 as tinyint) > '2' FROM t
-- !query schema
struct<cast(1 as tinyint)> '2':boolean>
-- !query output
false


-- !query
SELECT cast(1 as tinyint) >= '2' FROM t
-- !query schema
struct<cast(1 as tinyint)>= '2':boolean>
-- !query output
false


-- !query
SELECT cast(1 as tinyint) < '2' FROM t
-- !query schema
struct<cast(1 as tinyint)< '2':boolean>
-- !query output
true


-- !query
SELECT cast(1 as tinyint) <= '2' FROM t
-- !query schema
struct<cast(1 as tinyint)<= '2':boolean>
-- !query output
true


-- !query
SELECT cast(1 as tinyint) <> '2' FROM t
-- !query schema
struct<cast(1 as tinyint)<> '2':boolean>
-- !query output
true


-- !query
SELECT cast(1 as tinyint) = cast(null as string) FROM t
-- !query schema
struct<cast(1 as tinyint)= cast(null as string):boolean>
-- !query output
NULL


-- !query
SELECT cast(1 as tinyint) > cast(null as string) FROM t
-- !query schema
struct<cast(1 as tinyint)> cast(null as string):boolean>
-- !query output
NULL


-- !query
SELECT cast(1 as tinyint) >= cast(null as string) FROM t
-- !query schema
struct<cast(1 as tinyint)>= cast(null as string):boolean>
-- !query output
NULL


-- !query
SELECT cast(1 as tinyint) < cast(null as string) FROM t
-- !query schema
struct<cast(1 as tinyint)< cast(null as string):boolean>
-- !query output
NULL


-- !query
SELECT cast(1 as tinyint) <= cast(null as string) FROM t
-- !query schema
struct<cast(1 as tinyint)<= cast(null as string):boolean>
-- !query output
NULL


-- !query
SELECT cast(1 as tinyint) <> cast(null as string) FROM t
-- !query schema
struct<cast(1 as tinyint)<> cast(null as string):boolean>
-- !query output
NULL


-- !query
SELECT '1' = cast(1 as tinyint) FROM t
-- !query schema
struct<'1' = cast(1 as tinyint):boolean>
-- !query output
true


-- !query
SELECT '2' > cast(1 as tinyint) FROM t
-- !query schema
struct<'2' > cast(1 as tinyint):boolean>
-- !query output
true


-- !query
SELECT '2' >= cast(1 as tinyint) FROM t
-- !query schema
struct<'2' >= cast(1 as tinyint):boolean>
-- !query output
true


-- !query
SELECT '2' < cast(1 as tinyint) FROM t
-- !query schema
struct<'2' < cast(1 as tinyint):boolean>
-- !query output
false


-- !query
SELECT '2' <= cast(1 as tinyint) FROM t
-- !query schema
struct<'2' <= cast(1 as tinyint):boolean>
-- !query output
false


-- !query
SELECT '2' <> cast(1 as tinyint) FROM t
-- !query schema
struct<'2' <> cast(1 as tinyint):boolean>
-- !query output
true


-- !query
SELECT cast(null as string) = cast(1 as tinyint) FROM t
-- !query schema
struct<cast(null as string)= cast(1 as tinyint):boolean>
-- !query output
NULL


-- !query
SELECT cast(null as string) > cast(1 as tinyint) FROM t
-- !query schema
struct<cast(null as string)> cast(1 as tinyint):boolean>
-- !query output
NULL


-- !query
SELECT cast(null as string) >= cast(1 as tinyint) FROM t
-- !query schema
struct<cast(null as string)>= cast(1 as tinyint):boolean>
-- !query output
NULL


-- !query
SELECT cast(null as string) < cast(1 as tinyint) FROM t
-- !query schema
struct<cast(null as string)< cast(1 as tinyint):boolean>
-- !query output
NULL


-- !query
SELECT cast(null as string) <= cast(1 as tinyint) FROM t
-- !query schema
struct<cast(null as string)<= cast(1 as tinyint):boolean>
-- !query output
NULL


-- !query
SELECT cast(null as string) <> cast(1 as tinyint) FROM t
-- !query schema
struct<cast(null as string)<> cast(1 as tinyint):boolean>
-- !query output
NULL


-- !query
SELECT cast(1 as smallint) = '1' FROM t
-- !query schema
struct<cast(1 as smallint)= '1':boolean>
-- !query output
true


-- !query
SELECT cast(1 as smallint) > '2' FROM t
-- !query schema
struct<cast(1 as smallint)> '2':boolean>
-- !query output
false


-- !query
SELECT cast(1 as smallint) >= '2' FROM t
-- !query schema
struct<cast(1 as smallint)>= '2':boolean>
-- !query output
false


-- !query
SELECT cast(1 as smallint) < '2' FROM t
-- !query schema
struct<cast(1 as smallint)< '2':boolean>
-- !query output
true


-- !query
SELECT cast(1 as smallint) <= '2' FROM t
-- !query schema
struct<cast(1 as smallint)<= '2':boolean>
-- !query output
true


-- !query
SELECT cast(1 as smallint) <> '2' FROM t
-- !query schema
struct<cast(1 as smallint)<> '2':boolean>
-- !query output
true


-- !query
SELECT cast(1 as smallint) = cast(null as string) FROM t
-- !query schema
struct<cast(1 as smallint)= cast(null as string):boolean>
-- !query output
NULL


-- !query
SELECT cast(1 as smallint) > cast(null as string) FROM t
-- !query schema
struct<cast(1 as smallint)> cast(null as string):boolean>
-- !query output
NULL


-- !query
SELECT cast(1 as smallint) >= cast(null as string) FROM t
-- !query schema
struct<cast(1 as smallint)>= cast(null as string):boolean>
-- !query output
NULL


-- !query
SELECT cast(1 as smallint) < cast(null as string) FROM t
-- !query schema
struct<cast(1 as smallint)< cast(null as string):boolean>
-- !query output
NULL


-- !query
SELECT cast(1 as smallint) <= cast(null as string) FROM t
-- !query schema
struct<cast(1 as smallint)<= cast(null as string):boolean>
-- !query output
NULL


-- !query
SELECT cast(1 as smallint) <> cast(null as string) FROM t
-- !query schema
struct<cast(1 as smallint)<> cast(null as string):boolean>
-- !query output
NULL


-- !query
SELECT '1' = cast(1 as smallint) FROM t
-- !query schema
struct<'1' = cast(1 as smallint):boolean>
-- !query output
true


-- !query
SELECT '2' > cast(1 as smallint) FROM t
-- !query schema
struct<'2' > cast(1 as smallint):boolean>
-- !query output
true


-- !query
SELECT '2' >= cast(1 as smallint) FROM t
-- !query schema
struct<'2' >= cast(1 as smallint):boolean>
-- !query output
true


-- !query
SELECT '2' < cast(1 as smallint) FROM t
-- !query schema
struct<'2' < cast(1 as smallint):boolean>
-- !query output
false


-- !query
SELECT '2' <= cast(1 as smallint) FROM t
-- !query schema
struct<'2' <= cast(1 as smallint):boolean>
-- !query output
false


-- !query
SELECT '2' <> cast(1 as smallint) FROM t
-- !query schema
struct<'2' <> cast(1 as smallint):boolean>
-- !query output
true


-- !query
SELECT cast(null as string) = cast(1 as smallint) FROM t
-- !query schema
struct<cast(null as string)= cast(1 as smallint):boolean>
-- !query output
NULL


-- !query
SELECT cast(null as string) > cast(1 as smallint) FROM t
-- !query schema
struct<cast(null as string)> cast(1 as smallint):boolean>
-- !query output
NULL


-- !query
SELECT cast(null as string) >= cast(1 as smallint) FROM t
-- !query schema
struct<cast(null as string)>= cast(1 as smallint):boolean>
-- !query output
NULL


-- !query
SELECT cast(null as string) < cast(1 as smallint) FROM t
-- !query schema
struct<cast(null as string)< cast(1 as smallint):boolean>
-- !query output
NULL


-- !query
SELECT cast(null as string) <= cast(1 as smallint) FROM t
-- !query schema
struct<cast(null as string)<= cast(1 as smallint):boolean>
-- !query output
NULL


-- !query
SELECT cast(null as string) <> cast(1 as smallint) FROM t
-- !query schema
struct<cast(null as string)<> cast(1 as smallint):boolean>
-- !query output
NULL


-- !query
SELECT cast(1 as int) = '1' FROM t
-- !query schema
struct<cast(1 as int)= '1':boolean>
-- !query output
true


-- !query
SELECT cast(1 as int) > '2' FROM t
-- !query schema
struct<cast(1 as int)> '2':boolean>
-- !query output
false


-- !query
SELECT cast(1 as int) >= '2' FROM t
-- !query schema
struct<cast(1 as int)>= '2':boolean>
-- !query output
false


-- !query
SELECT cast(1 as int) < '2' FROM t
-- !query schema
struct<cast(1 as int)< '2':boolean>
-- !query output
true


-- !query
SELECT cast(1 as int) <= '2' FROM t
-- !query schema
struct<cast(1 as int)<= '2':boolean>
-- !query output
true


-- !query
SELECT cast(1 as int) <> '2' FROM t
-- !query schema
struct<cast(1 as int)<> '2':boolean>
-- !query output
true


-- !query
SELECT cast(1 as int) = cast(null as string) FROM t
-- !query schema
struct<cast(1 as int)= cast(null as string):boolean>
-- !query output
NULL


-- !query
SELECT cast(1 as int) > cast(null as string) FROM t
-- !query schema
struct<cast(1 as int)> cast(null as string):boolean>
-- !query output
NULL


-- !query
SELECT cast(1 as int) >= cast(null as string) FROM t
-- !query schema
struct<cast(1 as int)>= cast(null as string):boolean>
-- !query output
NULL


-- !query
SELECT cast(1 as int) < cast(null as string) FROM t
-- !query schema
struct<cast(1 as int)< cast(null as string):boolean>
-- !query output
NULL


-- !query
SELECT cast(1 as int) <= cast(null as string) FROM t
-- !query schema
struct<cast(1 as int)<= cast(null as string):boolean>
-- !query output
NULL


-- !query
SELECT cast(1 as int) <> cast(null as string) FROM t
-- !query schema
struct<cast(1 as int)<> cast(null as string):boolean>
-- !query output
NULL


-- !query
SELECT '1' = cast(1 as int) FROM t
-- !query schema
struct<'1' = cast(1 as int):boolean>
-- !query output
true


-- !query
SELECT '2' > cast(1 as int) FROM t
-- !query schema
struct<'2' > cast(1 as int):boolean>
-- !query output
true


-- !query
SELECT '2' >= cast(1 as int) FROM t
-- !query schema
struct<'2' >= cast(1 as int):boolean>
-- !query output
true


-- !query
SELECT '2' < cast(1 as int) FROM t
-- !query schema
struct<'2' < cast(1 as int):boolean>
-- !query output
false


-- !query
SELECT '2' <> cast(1 as int) FROM t
-- !query schema
struct<'2' <> cast(1 as int):boolean>
-- !query output
true


-- !query
SELECT '2' <= cast(1 as int) FROM t
-- !query schema
struct<'2' <= cast(1 as int):boolean>
-- !query output
false


-- !query
SELECT cast(null as string) = cast(1 as int) FROM t
-- !query schema
struct<cast(null as string)= cast(1 as int):boolean>
-- !query output
NULL


-- !query
SELECT cast(null as string) > cast(1 as int) FROM t
-- !query schema
struct<cast(null as string)> cast(1 as int):boolean>
-- !query output
NULL


-- !query
SELECT cast(null as string) >= cast(1 as int) FROM t
-- !query schema
struct<cast(null as string)>= cast(1 as int):boolean>
-- !query output
NULL


-- !query
SELECT cast(null as string) < cast(1 as int) FROM t
-- !query schema
struct<cast(null as string)< cast(1 as int):boolean>
-- !query output
NULL


-- !query
SELECT cast(null as string) <> cast(1 as int) FROM t
-- !query schema
struct<cast(null as string)<> cast(1 as int):boolean>
-- !query output
NULL


-- !query
SELECT cast(null as string) <= cast(1 as int) FROM t
-- !query schema
struct<cast(null as string)<= cast(1 as int):boolean>
-- !query output
NULL


-- !query
SELECT cast(1 as bigint) = '1' FROM t
-- !query schema
struct<cast(1 as bigint)= '1':boolean>
-- !query output
true


-- !query
SELECT cast(1 as bigint) > '2' FROM t
-- !query schema
struct<cast(1 as bigint)> '2':boolean>
-- !query output
false


-- !query
SELECT cast(1 as bigint) >= '2' FROM t
-- !query schema
struct<cast(1 as bigint)>= '2':boolean>
-- !query output
false


-- !query
SELECT cast(1 as bigint) < '2' FROM t
-- !query schema
struct<cast(1 as bigint)< '2':boolean>
-- !query output
true


-- !query
SELECT cast(1 as bigint) <= '2' FROM t
-- !query schema
struct<cast(1 as bigint)<= '2':boolean>
-- !query output
true


-- !query
SELECT cast(1 as bigint) <> '2' FROM t
-- !query schema
struct<cast(1 as bigint)<> '2':boolean>
-- !query output
true


-- !query
SELECT cast(1 as bigint) = cast(null as string) FROM t
-- !query schema
struct<cast(1 as bigint)= cast(null as string):boolean>
-- !query output
NULL


-- !query
SELECT cast(1 as bigint) > cast(null as string) FROM t
-- !query schema
struct<cast(1 as bigint)> cast(null as string):boolean>
-- !query output
NULL


-- !query
SELECT cast(1 as bigint) >= cast(null as string) FROM t
-- !query schema
struct<cast(1 as bigint)>= cast(null as string):boolean>
-- !query output
NULL


-- !query
SELECT cast(1 as bigint) < cast(null as string) FROM t
-- !query schema
struct<cast(1 as bigint)< cast(null as string):boolean>
-- !query output
NULL


-- !query
SELECT cast(1 as bigint) <= cast(null as string) FROM t
-- !query schema
struct<cast(1 as bigint)<= cast(null as string):boolean>
-- !query output
NULL


-- !query
SELECT cast(1 as bigint) <> cast(null as string) FROM t
-- !query schema
struct<cast(1 as bigint)<> cast(null as string):boolean>
-- !query output
NULL


-- !query
SELECT '1' = cast(1 as bigint) FROM t
-- !query schema
struct<'1' = cast(1 as bigint):boolean>
-- !query output
true


-- !query
SELECT '2' > cast(1 as bigint) FROM t
-- !query schema
struct<'2' > cast(1 as bigint):boolean>
-- !query output
true


-- !query
SELECT '2' >= cast(1 as bigint) FROM t
-- !query schema
struct<'2' >= cast(1 as bigint):boolean>
-- !query output
true


-- !query
SELECT '2' < cast(1 as bigint) FROM t
-- !query schema
struct<'2' < cast(1 as bigint):boolean>
-- !query output
false


-- !query
SELECT '2' <= cast(1 as bigint) FROM t
-- !query schema
struct<'2' <= cast(1 as bigint):boolean>
-- !query output
false


-- !query
SELECT '2' <> cast(1 as bigint) FROM t
-- !query schema
struct<'2' <> cast(1 as bigint):boolean>
-- !query output
true


-- !query
SELECT cast(null as string) = cast(1 as bigint) FROM t
-- !query schema
struct<cast(null as string)= cast(1 as bigint):boolean>
-- !query output
NULL


-- !query
SELECT cast(null as string) > cast(1 as bigint) FROM t
-- !query schema
struct<cast(null as string)> cast(1 as bigint):boolean>
-- !query output
NULL


-- !query
SELECT cast(null as string) >= cast(1 as bigint) FROM t
-- !query schema
struct<cast(null as string)>= cast(1 as bigint):boolean>
-- !query output
NULL


-- !query
SELECT cast(null as string) < cast(1 as bigint) FROM t
-- !query schema
struct<cast(null as string)< cast(1 as bigint):boolean>
-- !query output
NULL


-- !query
SELECT cast(null as string) <= cast(1 as bigint) FROM t
-- !query schema
struct<cast(null as string)<= cast(1 as bigint):boolean>
-- !query output
NULL


-- !query
SELECT cast(null as string) <> cast(1 as bigint) FROM t
-- !query schema
struct<cast(null as string)<> cast(1 as bigint):boolean>
-- !query output
NULL


-- !query
SELECT cast(1 as decimal(10, 0)) = '1' FROM t
-- !query schema
struct<cast(1 as decimal(10, 0))= '1':boolean>
-- !query output
true


-- !query
SELECT cast(1 as decimal(10, 0)) > '2' FROM t
-- !query schema
struct<cast(1 as decimal(10, 0))> '2':boolean>
-- !query output
false


-- !query
SELECT cast(1 as decimal(10, 0)) >= '2' FROM t
-- !query schema
struct<cast(1 as decimal(10, 0))>= '2':boolean>
-- !query output
false


-- !query
SELECT cast(1 as decimal(10, 0)) < '2' FROM t
-- !query schema
struct<cast(1 as decimal(10, 0))< '2':boolean>
-- !query output
true


-- !query
SELECT cast(1 as decimal(10, 0)) <> '2' FROM t
-- !query schema
struct<cast(1 as decimal(10, 0))<> '2':boolean>
-- !query output
true


-- !query
SELECT cast(1 as decimal(10, 0)) <= '2' FROM t
-- !query schema
struct<cast(1 as decimal(10, 0))<= '2':boolean>
-- !query output
true


-- !query
SELECT cast(1 as decimal(10, 0)) = cast(null as string) FROM t
-- !query schema
struct<cast(1 as decimal(10, 0))= cast(null as string):boolean>
-- !query output
NULL


-- !query
SELECT cast(1 as decimal(10, 0)) > cast(null as string) FROM t
-- !query schema
struct<cast(1 as decimal(10, 0))> cast(null as string):boolean>
-- !query output
NULL


-- !query
SELECT cast(1 as decimal(10, 0)) >= cast(null as string) FROM t
-- !query schema
struct<cast(1 as decimal(10, 0))>= cast(null as string):boolean>
-- !query output
NULL


-- !query
SELECT cast(1 as decimal(10, 0)) < cast(null as string) FROM t
-- !query schema
struct<cast(1 as decimal(10, 0))< cast(null as string):boolean>
-- !query output
NULL


-- !query
SELECT cast(1 as decimal(10, 0)) <> cast(null as string) FROM t
-- !query schema
struct<cast(1 as decimal(10, 0))<> cast(null as string):boolean>
-- !query output
NULL


-- !query
SELECT cast(1 as decimal(10, 0)) <= cast(null as string) FROM t
-- !query schema
struct<cast(1 as decimal(10, 0))<= cast(null as string):boolean>
-- !query output
NULL


-- !query
SELECT '1' = cast(1 as decimal(10, 0)) FROM t
-- !query schema
struct<'1' = cast(1 as decimal(10, 0)):boolean>
-- !query output
true


-- !query
SELECT '2' > cast(1 as decimal(10, 0)) FROM t
-- !query schema
struct<'2' > cast(1 as decimal(10, 0)):boolean>
-- !query output
true


-- !query
SELECT '2' >= cast(1 as decimal(10, 0)) FROM t
-- !query schema
struct<'2' >= cast(1 as decimal(10, 0)):boolean>
-- !query output
true


-- !query
SELECT '2' < cast(1 as decimal(10, 0)) FROM t
-- !query schema
struct<'2' < cast(1 as decimal(10, 0)):boolean>
-- !query output
false


-- !query
SELECT '2' <= cast(1 as decimal(10, 0)) FROM t
-- !query schema
struct<'2' <= cast(1 as decimal(10, 0)):boolean>
-- !query output
false


-- !query
SELECT '2' <> cast(1 as decimal(10, 0)) FROM t
-- !query schema
struct<'2' <> cast(1 as decimal(10, 0)):boolean>
-- !query output
true


-- !query
SELECT cast(null as string) = cast(1 as decimal(10, 0)) FROM t
-- !query schema
struct<cast(null as string)= cast(1 as decimal(10, 0)):boolean>
-- !query output
NULL


-- !query
SELECT cast(null as string) > cast(1 as decimal(10, 0)) FROM t
-- !query schema
struct<cast(null as string)> cast(1 as decimal(10, 0)):boolean>
-- !query output
NULL


-- !query
SELECT cast(null as string) >= cast(1 as decimal(10, 0)) FROM t
-- !query schema
struct<cast(null as string)>= cast(1 as decimal(10, 0)):boolean>
-- !query output
NULL


-- !query
SELECT cast(null as string) < cast(1 as decimal(10, 0)) FROM t
-- !query schema
struct<cast(null as string)< cast(1 as decimal(10, 0)):boolean>
-- !query output
NULL


-- !query
SELECT cast(null as string) <= cast(1 as decimal(10, 0)) FROM t
-- !query schema
struct<cast(null as string)<= cast(1 as decimal(10, 0)):boolean>
-- !query output
NULL


-- !query
SELECT cast(null as string) <> cast(1 as decimal(10, 0)) FROM t
-- !query schema
struct<cast(null as string)<> cast(1 as decimal(10, 0)):boolean>
-- !query output
NULL


-- !query
SELECT cast(1 as double) = '1' FROM t
-- !query schema
struct<cast(1 as double)= '1':boolean>
-- !query output
true


-- !query
SELECT cast(1 as double) > '2' FROM t
-- !query schema
struct<cast(1 as double)> '2':boolean>
-- !query output
false


-- !query
SELECT cast(1 as double) >= '2' FROM t
-- !query schema
struct<cast(1 as double)>= '2':boolean>
-- !query output
false


-- !query
SELECT cast(1 as double) < '2' FROM t
-- !query schema
struct<cast(1 as double)< '2':boolean>
-- !query output
true


-- !query
SELECT cast(1 as double) <= '2' FROM t
-- !query schema
struct<cast(1 as double)<= '2':boolean>
-- !query output
true


-- !query
SELECT cast(1 as double) <> '2' FROM t
-- !query schema
struct<cast(1 as double)<> '2':boolean>
-- !query output
true


-- !query
SELECT cast(1 as double) = cast(null as string) FROM t
-- !query schema
struct<cast(1 as double)= cast(null as string):boolean>
-- !query output
NULL


-- !query
SELECT cast(1 as double) > cast(null as string) FROM t
-- !query schema
struct<cast(1 as double)> cast(null as string):boolean>
-- !query output
NULL


-- !query
SELECT cast(1 as double) >= cast(null as string) FROM t
-- !query schema
struct<cast(1 as double)>= cast(null as string):boolean>
-- !query output
NULL


-- !query
SELECT cast(1 as double) < cast(null as string) FROM t
-- !query schema
struct<cast(1 as double)< cast(null as string):boolean>
-- !query output
NULL


-- !query
SELECT cast(1 as double) <= cast(null as string) FROM t
-- !query schema
struct<cast(1 as double)<= cast(null as string):boolean>
-- !query output
NULL


-- !query
SELECT cast(1 as double) <> cast(null as string) FROM t
-- !query schema
struct<cast(1 as double)<> cast(null as string):boolean>
-- !query output
NULL


-- !query
SELECT '1' = cast(1 as double) FROM t
-- !query schema
struct<'1' = cast(1 as double):boolean>
-- !query output
true


-- !query
SELECT '2' > cast(1 as double) FROM t
-- !query schema
struct<'2' > cast(1 as double):boolean>
-- !query output
true


-- !query
SELECT '2' >= cast(1 as double) FROM t
-- !query schema
struct<'2' >= cast(1 as double):boolean>
-- !query output
true


-- !query
SELECT '2' < cast(1 as double) FROM t
-- !query schema
struct<'2' < cast(1 as double):boolean>
-- !query output
false


-- !query
SELECT '2' <= cast(1 as double) FROM t
-- !query schema
struct<'2' <= cast(1 as double):boolean>
-- !query output
false


-- !query
SELECT '2' <> cast(1 as double) FROM t
-- !query schema
struct<'2' <> cast(1 as double):boolean>
-- !query output
true


-- !query
SELECT cast(null as string) = cast(1 as double) FROM t
-- !query schema
struct<cast(null as string)= cast(1 as double):boolean>
-- !query output
NULL


-- !query
SELECT cast(null as string) > cast(1 as double) FROM t
-- !query schema
struct<cast(null as string)> cast(1 as double):boolean>
-- !query output
NULL


-- !query
SELECT cast(null as string) >= cast(1 as double) FROM t
-- !query schema
struct<cast(null as string)>= cast(1 as double):boolean>
-- !query output
NULL


-- !query
SELECT cast(null as string) < cast(1 as double) FROM t
-- !query schema
struct<cast(null as string)< cast(1 as double):boolean>
-- !query output
NULL


-- !query
SELECT cast(null as string) <= cast(1 as double) FROM t
-- !query schema
struct<cast(null as string)<= cast(1 as double):boolean>
-- !query output
NULL


-- !query
SELECT cast(null as string) <> cast(1 as double) FROM t
-- !query schema
struct<cast(null as string)<> cast(1 as double):boolean>
-- !query output
NULL


-- !query
SELECT cast(1 as float) = '1' FROM t
-- !query schema
struct<cast(1 as float)= '1':boolean>
-- !query output
true


-- !query
SELECT cast(1 as float) > '2' FROM t
-- !query schema
struct<cast(1 as float)> '2':boolean>
-- !query output
false


-- !query
SELECT cast(1 as float) >= '2' FROM t
-- !query schema
struct<cast(1 as float)>= '2':boolean>
-- !query output
false


-- !query
SELECT cast(1 as float) < '2' FROM t
-- !query schema
struct<cast(1 as float)< '2':boolean>
-- !query output
true


-- !query
SELECT cast(1 as float) <= '2' FROM t
-- !query schema
struct<cast(1 as float)<= '2':boolean>
-- !query output
true


-- !query
SELECT cast(1 as float) <> '2' FROM t
-- !query schema
struct<cast(1 as float)<> '2':boolean>
-- !query output
true


-- !query
SELECT cast(1 as float) = cast(null as string) FROM t
-- !query schema
struct<cast(1 as float)= cast(null as string):boolean>
-- !query output
NULL


-- !query
SELECT cast(1 as float) > cast(null as string) FROM t
-- !query schema
struct<cast(1 as float)> cast(null as string):boolean>
-- !query output
NULL


-- !query
SELECT cast(1 as float) >= cast(null as string) FROM t
-- !query schema
struct<cast(1 as float)>= cast(null as string):boolean>
-- !query output
NULL


-- !query
SELECT cast(1 as float) < cast(null as string) FROM t
-- !query schema
struct<cast(1 as float)< cast(null as string):boolean>
-- !query output
NULL


-- !query
SELECT cast(1 as float) <= cast(null as string) FROM t
-- !query schema
struct<cast(1 as float)<= cast(null as string):boolean>
-- !query output
NULL


-- !query
SELECT cast(1 as float) <> cast(null as string) FROM t
-- !query schema
struct<cast(1 as float)<> cast(null as string):boolean>
-- !query output
NULL


-- !query
SELECT '1' = cast(1 as float) FROM t
-- !query schema
struct<'1' = cast(1 as float):boolean>
-- !query output
true


-- !query
SELECT '2' > cast(1 as float) FROM t
-- !query schema
struct<'2' > cast(1 as float):boolean>
-- !query output
true


-- !query
SELECT '2' >= cast(1 as float) FROM t
-- !query schema
struct<'2' >= cast(1 as float):boolean>
-- !query output
true


-- !query
SELECT '2' < cast(1 as float) FROM t
-- !query schema
struct<'2' < cast(1 as float):boolean>
-- !query output
false


-- !query
SELECT '2' <= cast(1 as float) FROM t
-- !query schema
struct<'2' <= cast(1 as float):boolean>
-- !query output
false


-- !query
SELECT '2' <> cast(1 as float) FROM t
-- !query schema
struct<'2' <> cast(1 as float):boolean>
-- !query output
true


-- !query
SELECT cast(null as string) = cast(1 as float) FROM t
-- !query schema
struct<cast(null as string)= cast(1 as float):boolean>
-- !query output
NULL


-- !query
SELECT cast(null as string) > cast(1 as float) FROM t
-- !query schema
struct<cast(null as string)> cast(1 as float):boolean>
-- !query output
NULL


-- !query
SELECT cast(null as string) >= cast(1 as float) FROM t
-- !query schema
struct<cast(null as string)>= cast(1 as float):boolean>
-- !query output
NULL


-- !query
SELECT cast(null as string) < cast(1 as float) FROM t
-- !query schema
struct<cast(null as string)< cast(1 as float):boolean>
-- !query output
NULL


-- !query
SELECT cast(null as string) <= cast(1 as float) FROM t
-- !query schema
struct<cast(null as string)<= cast(1 as float):boolean>
-- !query output
NULL


-- !query
SELECT cast(null as string) <> cast(1 as float) FROM t
-- !query schema
struct<cast(null as string)<> cast(1 as float):boolean>
-- !query output
NULL


-- !query
SELECT '1996-09-09' = date('1996-09-09') FROM t
-- !query schema
struct<'1996-09-09' = date('1996-09-09'):boolean>
-- !query output
true


-- !query
SELECT '1996-9-10' > date('1996-09-09') FROM t
-- !query schema
struct<'1996-9-10' > date('1996-09-09'):boolean>
-- !query output
true


-- !query
SELECT '1996-9-10' >= date('1996-09-09') FROM t
-- !query schema
struct<'1996-9-10' >= date('1996-09-09'):boolean>
-- !query output
true


-- !query
SELECT '1996-9-10' < date('1996-09-09') FROM t
-- !query schema
struct<'1996-9-10' < date('1996-09-09'):boolean>
-- !query output
false


-- !query
SELECT '1996-9-10' <= date('1996-09-09') FROM t
-- !query schema
struct<'1996-9-10' <= date('1996-09-09'):boolean>
-- !query output
false


-- !query
SELECT '1996-9-10' <> date('1996-09-09') FROM t
-- !query schema
struct<'1996-9-10' <> date('1996-09-09'):boolean>
-- !query output
true


-- !query
SELECT cast(null as string) = date('1996-09-09') FROM t
-- !query schema
struct<cast(null as string)= date('1996-09-09'):boolean>
-- !query output
NULL


-- !query
SELECT cast(null as string)> date('1996-09-09') FROM t
-- !query schema
struct<cast(null as string)> date('1996-09-09'):boolean>
-- !query output
NULL


-- !query
SELECT cast(null as string)>= date('1996-09-09') FROM t
-- !query schema
struct<cast(null as string)>= date('1996-09-09'):boolean>
-- !query output
NULL


-- !query
SELECT cast(null as string)< date('1996-09-09') FROM t
-- !query schema
struct<cast(null as string)< date('1996-09-09'):boolean>
-- !query output
NULL


-- !query
SELECT cast(null as string)<= date('1996-09-09') FROM t
-- !query schema
struct<cast(null as string)<= date('1996-09-09'):boolean>
-- !query output
NULL


-- !query
SELECT cast(null as string)<> date('1996-09-09') FROM t
-- !query schema
struct<cast(null as string)<> date('1996-09-09'):boolean>
-- !query output
NULL


-- !query
SELECT date('1996-09-09') = '1996-09-09' FROM t
-- !query schema
struct<date('1996-09-09')= '1996-09-09':boolean>
-- !query output
true


-- !query
SELECT date('1996-9-10') > '1996-09-09' FROM t
-- !query schema
struct<date('1996-9-10')> '1996-09-09':boolean>
-- !query output
true


-- !query
SELECT date('1996-9-10') >= '1996-09-09' FROM t
-- !query schema
struct<date('1996-9-10')>= '1996-09-09':boolean>
-- !query output
true


-- !query
SELECT date('1996-9-10') < '1996-09-09' FROM t
-- !query schema
struct<date('1996-9-10')< '1996-09-09':boolean>
-- !query output
false


-- !query
SELECT date('1996-9-10') <= '1996-09-09' FROM t
-- !query schema
struct<date('1996-9-10')<= '1996-09-09':boolean>
-- !query output
false


-- !query
SELECT date('1996-9-10') <> '1996-09-09' FROM t
-- !query schema
struct<date('1996-9-10')<> '1996-09-09':boolean>
-- !query output
true


-- !query
SELECT date('1996-09-09') = cast(null as string) FROM t
-- !query schema
struct<date('1996-09-09')= cast(null as string):boolean>
-- !query output
NULL


-- !query
SELECT date('1996-9-10') > cast(null as string) FROM t
-- !query schema
struct<date('1996-9-10')> cast(null as string):boolean>
-- !query output
NULL


-- !query
SELECT date('1996-9-10') >= cast(null as string) FROM t
-- !query schema
struct<date('1996-9-10')>= cast(null as string):boolean>
-- !query output
NULL


-- !query
SELECT date('1996-9-10') < cast(null as string) FROM t
-- !query schema
struct<date('1996-9-10')< cast(null as string):boolean>
-- !query output
NULL


-- !query
SELECT date('1996-9-10') <= cast(null as string) FROM t
-- !query schema
struct<date('1996-9-10')<= cast(null as string):boolean>
-- !query output
NULL


-- !query
SELECT date('1996-9-10') <> cast(null as string) FROM t
-- !query schema
struct<date('1996-9-10')<> cast(null as string):boolean>
-- !query output
NULL


-- !query
SELECT '1996-09-09 12:12:12.4' = timestamp('1996-09-09 12:12:12.4') FROM t
-- !query schema
struct<'1996-09-09 12:12:12.4' = timestamp('1996-09-09 12:12:12.4'):boolean>
-- !query output
true


-- !query
SELECT '1996-09-09 12:12:12.5' > timestamp('1996-09-09 12:12:12.4') FROM t
-- !query schema
struct<'1996-09-09 12:12:12.5' > timestamp('1996-09-09 12:12:12.4'):boolean>
-- !query output
true


-- !query
SELECT '1996-09-09 12:12:12.5' >= timestamp('1996-09-09 12:12:12.4') FROM t
-- !query schema
struct<'1996-09-09 12:12:12.5' >= timestamp('1996-09-09 12:12:12.4'):boolean>
-- !query output
true


-- !query
SELECT '1996-09-09 12:12:12.5' < timestamp('1996-09-09 12:12:12.4') FROM t
-- !query schema
struct<'1996-09-09 12:12:12.5' < timestamp('1996-09-09 12:12:12.4'):boolean>
-- !query output
false


-- !query
SELECT '1996-09-09 12:12:12.5' <= timestamp('1996-09-09 12:12:12.4') FROM t
-- !query schema
struct<'1996-09-09 12:12:12.5' <= timestamp('1996-09-09 12:12:12.4'):boolean>
-- !query output
false


-- !query
SELECT '1996-09-09 12:12:12.5' <> timestamp('1996-09-09 12:12:12.4') FROM t
-- !query schema
struct<'1996-09-09 12:12:12.5' <> timestamp('1996-09-09 12:12:12.4'):boolean>
-- !query output
true


-- !query
SELECT cast(null as string) = timestamp('1996-09-09 12:12:12.4') FROM t
-- !query schema
struct<cast(null as string)= timestamp('1996-09-09 12:12:12.4'):boolean>
-- !query output
NULL


-- !query
SELECT cast(null as string) > timestamp('1996-09-09 12:12:12.4') FROM t
-- !query schema
struct<cast(null as string)> timestamp('1996-09-09 12:12:12.4'):boolean>
-- !query output
NULL


-- !query
SELECT cast(null as string) >= timestamp('1996-09-09 12:12:12.4') FROM t
-- !query schema
struct<cast(null as string)>= timestamp('1996-09-09 12:12:12.4'):boolean>
-- !query output
NULL


-- !query
SELECT cast(null as string) < timestamp('1996-09-09 12:12:12.4') FROM t
-- !query schema
struct<cast(null as string)< timestamp('1996-09-09 12:12:12.4'):boolean>
-- !query output
NULL


-- !query
SELECT cast(null as string) <= timestamp('1996-09-09 12:12:12.4') FROM t
-- !query schema
struct<cast(null as string)<= timestamp('1996-09-09 12:12:12.4'):boolean>
-- !query output
NULL


-- !query
SELECT cast(null as string) <> timestamp('1996-09-09 12:12:12.4') FROM t
-- !query schema
struct<cast(null as string)<> timestamp('1996-09-09 12:12:12.4'):boolean>
-- !query output
NULL


-- !query
SELECT timestamp('1996-09-09 12:12:12.4' )= '1996-09-09 12:12:12.4' FROM t
-- !query schema
struct<timestamp('1996-09-09 12:12:12.4')= '1996-09-09 12:12:12.4':boolean>
-- !query output
true


-- !query
SELECT timestamp('1996-09-09 12:12:12.5' )> '1996-09-09 12:12:12.4' FROM t
-- !query schema
struct<timestamp('1996-09-09 12:12:12.5')> '1996-09-09 12:12:12.4':boolean>
-- !query output
true


-- !query
SELECT timestamp('1996-09-09 12:12:12.5' )>= '1996-09-09 12:12:12.4' FROM t
-- !query schema
struct<timestamp('1996-09-09 12:12:12.5')>= '1996-09-09 12:12:12.4':boolean>
-- !query output
true


-- !query
SELECT timestamp('1996-09-09 12:12:12.5' )< '1996-09-09 12:12:12.4' FROM t
-- !query schema
struct<timestamp('1996-09-09 12:12:12.5')< '1996-09-09 12:12:12.4':boolean>
-- !query output
false


-- !query
SELECT timestamp('1996-09-09 12:12:12.5' )<= '1996-09-09 12:12:12.4' FROM t
-- !query schema
struct<timestamp('1996-09-09 12:12:12.5')<= '1996-09-09 12:12:12.4':boolean>
-- !query output
false


-- !query
SELECT timestamp('1996-09-09 12:12:12.5' )<> '1996-09-09 12:12:12.4' FROM t
-- !query schema
struct<timestamp('1996-09-09 12:12:12.5')<> '1996-09-09 12:12:12.4':boolean>
-- !query output
true


-- !query
SELECT timestamp('1996-09-09 12:12:12.4' )= cast(null as string) FROM t
-- !query schema
struct<timestamp('1996-09-09 12:12:12.4')= cast(null as string):boolean>
-- !query output
NULL


-- !query
SELECT timestamp('1996-09-09 12:12:12.5' )> cast(null as string) FROM t
-- !query schema
struct<timestamp('1996-09-09 12:12:12.5')> cast(null as string):boolean>
-- !query output
NULL


-- !query
SELECT timestamp('1996-09-09 12:12:12.5' )>= cast(null as string) FROM t
-- !query schema
struct<timestamp('1996-09-09 12:12:12.5')>= cast(null as string):boolean>
-- !query output
NULL


-- !query
SELECT timestamp('1996-09-09 12:12:12.5' )< cast(null as string) FROM t
-- !query schema
struct<timestamp('1996-09-09 12:12:12.5')< cast(null as string):boolean>
-- !query output
NULL


-- !query
SELECT timestamp('1996-09-09 12:12:12.5' )<= cast(null as string) FROM t
-- !query schema
struct<timestamp('1996-09-09 12:12:12.5')<= cast(null as string):boolean>
-- !query output
NULL


-- !query
SELECT timestamp('1996-09-09 12:12:12.5' )<> cast(null as string) FROM t
-- !query schema
struct<timestamp('1996-09-09 12:12:12.5')<> cast(null as string):boolean>
-- !query output
NULL


-- !query
SELECT ' ' = X'0020' FROM t
-- !query schema
struct<' ' = X '0020':boolean>
-- !query output
false


-- !query
SELECT ' ' > X'001F' FROM t
-- !query schema
struct<' ' > X '001F':boolean>
-- !query output
true


-- !query
SELECT ' ' >= X'001F' FROM t
-- !query schema
struct<' ' >= X '001F':boolean>
-- !query output
true


-- !query
SELECT ' ' < X'001F' FROM t
-- !query schema
struct<' ' < X '001F':boolean>
-- !query output
false


-- !query
SELECT ' ' <= X'001F' FROM t
-- !query schema
struct<' ' <= X '001F':boolean>
-- !query output
false


-- !query
SELECT ' ' <> X'001F' FROM t
-- !query schema
struct<' ' <> X '001F':boolean>
-- !query output
true


-- !query
SELECT cast(null as string) = X'0020' FROM t
-- !query schema
struct<cast(null as string)= X '0020':boolean>
-- !query output
NULL


-- !query
SELECT cast(null as string) > X'001F' FROM t
-- !query schema
struct<cast(null as string)> X '001F':boolean>
-- !query output
NULL


-- !query
SELECT cast(null as string) >= X'001F' FROM t
-- !query schema
struct<cast(null as string)>= X '001F':boolean>
-- !query output
NULL


-- !query
SELECT cast(null as string) < X'001F' FROM t
-- !query schema
struct<cast(null as string)< X '001F':boolean>
-- !query output
NULL


-- !query
SELECT cast(null as string) <= X'001F' FROM t
-- !query schema
struct<cast(null as string)<= X '001F':boolean>
-- !query output
NULL


-- !query
SELECT cast(null as string) <> X'001F' FROM t
-- !query schema
struct<cast(null as string)<> X '001F':boolean>
-- !query output
NULL


-- !query
SELECT X'0020' = ' ' FROM t
-- !query schema
struct<X '0020' = ' ':boolean>
-- !query output
false


-- !query
SELECT X'001F' > ' ' FROM t
-- !query schema
struct<X '001F' > ' ':boolean>
-- !query output
false


-- !query
SELECT X'001F' >= ' ' FROM t
-- !query schema
struct<X '001F' >= ' ':boolean>
-- !query output
false


-- !query
SELECT X'001F' < ' ' FROM t
-- !query schema
struct<X '001F' < ' ':boolean>
-- !query output
true


-- !query
SELECT X'001F' <= ' ' FROM t
-- !query schema
struct<X '001F' <= ' ':boolean>
-- !query output
true


-- !query
SELECT X'001F' <> ' ' FROM t
-- !query schema
struct<X '001F' <> ' ':boolean>
-- !query output
true


-- !query
SELECT X'0020' = cast(null as string) FROM t
-- !query schema
struct<X '0020' = cast(null as string):boolean>
-- !query output
NULL


-- !query
SELECT X'001F' > cast(null as string) FROM t
-- !query schema
struct<X '001F' > cast(null as string):boolean>
-- !query output
NULL


-- !query
SELECT X'001F' >= cast(null as string) FROM t
-- !query schema
struct<X '001F' >= cast(null as string):boolean>
-- !query output
NULL


-- !query
SELECT X'001F' < cast(null as string) FROM t
-- !query schema
struct<X '001F' < cast(null as string):boolean>
-- !query output
NULL


-- !query
SELECT X'001F' <= cast(null as string) FROM t
-- !query schema
struct<X '001F' <= cast(null as string):boolean>
-- !query output
NULL


-- !query
SELECT X'001F' <> cast(null as string) FROM t
-- !query schema
struct<X '001F' <> cast(null as string):boolean>
-- !query output
NULL
