-- Automatically generated by SQLQueryTestSuite
-- !query
CREATE TEMPORARY VIEW t AS SELECT 1
-- !query schema
struct<>
-- !query output



-- !query
SELECT 1 + '2' FROM t
-- !query schema
struct<1 + '2':double>
-- !query output
3.0


-- !query
SELECT 1 - '2' FROM t
-- !query schema
struct<1 - '2':double>
-- !query output
-1.0


-- !query
SELECT 1 * '2' FROM t
-- !query schema
struct<1 * '2':double>
-- !query output
2.0


-- !query
SELECT 4 / '2' FROM t
-- !query schema
struct<4 / '2':double>
-- !query output
2.0


-- !query
SELECT 1.1 + '2' FROM t
-- !query schema
struct<1.1 + '2':double>
-- !query output
3.1


-- !query
SELECT 1.1 - '2' FROM t
-- !query schema
struct<1.1 - '2':double>
-- !query output
-0.8999999999999999


-- !query
SELECT 1.1 * '2' FROM t
-- !query schema
struct<1.1 * '2':double>
-- !query output
2.2


-- !query
SELECT 4.4 / '2' FROM t
-- !query schema
struct<4.4 / '2':double>
-- !query output
2.2


-- !query
SELECT 1.1 + '2.2' FROM t
-- !query schema
struct<1.1 + '2.2':double>
-- !query output
3.3000000000000003


-- !query
SELECT 1.1 - '2.2' FROM t
-- !query schema
struct<1.1 - '2.2':double>
-- !query output
-1.1


-- !query
SELECT 1.1 * '2.2' FROM t
-- !query schema
struct<1.1 * '2.2':double>
-- !query output
2.4200000000000004


-- !query
SELECT 4.4 / '2.2' FROM t
-- !query schema
struct<4.4 / '2.2':double>
-- !query output
2.0


-- !query
SELECT '$' || cast(1 as smallint) || '$' FROM t
-- !query schema
struct<'$' || cast(1 as smallint)|| '$':string>
-- !query output
$1$


-- !query
SELECT '$' || 1 || '$' FROM t
-- !query schema
struct<'$' || 1 || '$':string>
-- !query output
$1$


-- !query
SELECT '$' || cast(1 as bigint) || '$' FROM t
-- !query schema
struct<'$' || cast(1 as bigint)|| '$':string>
-- !query output
$1$


-- !query
SELECT '$' || cast(1.1 as float) || '$' FROM t
-- !query schema
struct<'$' || cast(1.1 as float)|| '$':string>
-- !query output
$1.1$


-- !query
SELECT '$' || cast(1.1 as double) || '$' FROM t
-- !query schema
struct<'$' || cast(1.1 as double)|| '$':string>
-- !query output
$1.1$


-- !query
SELECT '$' || 1.1 || '$' FROM t
-- !query schema
struct<'$' || 1.1 || '$':string>
-- !query output
$1.1$


-- !query
SELECT '$' || cast(1.1 as decimal(8,3)) || '$' FROM t
-- !query schema
struct<'$' || cast(1.1 as decimal(8, 3))|| '$':string>
-- !query output
$1.100$


-- !query
SELECT '$' || 'abcd' || '$' FROM t
-- !query schema
struct<'$' || 'abcd' || '$':string>
-- !query output
$abcd$


-- !query
SELECT '$' || date('1996-09-09') || '$' FROM t
-- !query schema
struct<'$' || date('1996-09-09')|| '$':string>
-- !query output
$1996-09-09$


-- !query
SELECT '$' || timestamp('1996-09-09 10:11:12.4' )|| '$' FROM t
-- !query schema
struct<'$' || timestamp('1996-09-09 10:11:12.4')|| '$':string>
-- !query output
$1996-09-09 10:11:12.4$


-- !query
SELECT length(cast(1 as smallint)) FROM t
-- !query schema
struct<length(cast(1 as smallint)):int>
-- !query output
1


-- !query
SELECT length(cast(1 as int)) FROM t
-- !query schema
struct<length(cast(1 as int)):int>
-- !query output
1


-- !query
SELECT length(cast(1 as bigint)) FROM t
-- !query schema
struct<length(cast(1 as bigint)):int>
-- !query output
1


-- !query
SELECT length(cast(1.1 as float)) FROM t
-- !query schema
struct<length(cast(1.1 as float)):int>
-- !query output
3


-- !query
SELECT length(cast(1.1 as double)) FROM t
-- !query schema
struct<length(cast(1.1 as double)):int>
-- !query output
3


-- !query
SELECT length(1.1) FROM t
-- !query schema
struct<length(1.1):int>
-- !query output
3


-- !query
SELECT length(cast(1.1 as decimal(8,3))) FROM t
-- !query schema
struct<length(cast(1.1 as decimal(8, 3))):int>
-- !query output
5


-- !query
SELECT length('four') FROM t
-- !query schema
struct<length('four'):int>
-- !query output
4


-- !query
SELECT length(date('1996-09-10')) FROM t
-- !query schema
struct<length(date('1996-09-10')):int>
-- !query output
10


-- !query
SELECT length(timestamp('1996-09-10 10:11:12.4')) FROM t
-- !query schema
struct<length(timestamp('1996-09-10 10:11:12.4')):int>
-- !query output
21


-- !query
SELECT year( '1996-01-10') FROM t
-- !query schema
struct<year('1996-01-10'):int>
-- !query output
1996


-- !query
SELECT month( '1996-01-10') FROM t
-- !query schema
struct<month('1996-01-10'):int>
-- !query output
1


-- !query
SELECT day( '1996-01-10') FROM t
-- !query schema
struct<day('1996-01-10'):int>
-- !query output
10


-- !query
SELECT hour( '10:11:12') FROM t
-- !query schema
struct<hour('10:11:12'):int>
-- !query output
10


-- !query
SELECT minute( '10:11:12') FROM t
-- !query schema
struct<minute('10:11:12'):int>
-- !query output
11


-- !query
SELECT second( '10:11:12') FROM t
-- !query schema
struct<second('10:11:12'):int>
-- !query output
12


-- !query
select 1 like '%' FROM t
-- !query schema
struct<1 like '%':boolean>
-- !query output
true


-- !query
select date('1996-09-10') like '19%' FROM t
-- !query schema
struct<date('1996-09-10')like '19%':boolean>
-- !query output
true


-- !query
select '1' like 1 FROM t
-- !query schema
struct<'1' like 1:boolean>
-- !query output
true


-- !query
select '1 ' like 1 FROM t
-- !query schema
struct<'1 ' like 1:boolean>
-- !query output
false


-- !query
select '1996-09-10' like date('1996-09-10') FROM t
-- !query schema
struct<'1996-09-10' like date('1996-09-10'):boolean>
-- !query output
true
